{
  "0.5": {
    "rmse": 0.0595043279902771,
    "l1": 0.011244220579043031,
    "iou": 0.10204332311774135,
    "dice": 0.18518931330041574,
    "n_samples": 4000
  },
  "5": {
    "rmse": 0.06310202541486674,
    "l1": 0.011697069444344378,
    "iou": 0.07684984708602689,
    "dice": 0.1427308501625994,
    "n_samples": 4000
  },
  "50": {
    "rmse": 0.031697435133571844,
    "l1": 0.004757720355410128,
    "iou": 0.44268726342330733,
    "dice": 0.6136981654261903,
    "n_samples": 4000
  },
  "500": {
    "rmse": 1.4731438594989807,
    "l1": 0.9339117703139782,
    "iou": 0.008286921137422427,
    "dice": 0.016437624973007017,
    "n_samples": 4000
  }
}