{
  "rmse": 0.026676437992724192,
  "l1": 0.0034345809985825326,
  "iou": 0.584432890836636,
  "dice": 0.7377187058115601,
  "n_samples": 4000
}