{
  "0.5": {
    "rmse": 0.025483107407109136,
    "l1": 0.00362894288264215,
    "iou": 0.09254498714652956,
    "dice": 0.16941176470588235,
    "n_samples": 1
  },
  "5": {
    "rmse": 0.04732562810064257,
    "l1": 0.010214423760771751,
    "iou": 0.0011254924029262803,
    "dice": 0.0022484541877459247,
    "n_samples": 1
  },
  "50": {
    "rmse": 0.20391876759601088,
    "l1": 0.11013303697109222,
    "iou": 0.0013056960992329036,
    "dice": 0.0026079869600651997,
    "n_samples": 1
  },
  "500": {
    "rmse": 1.9903051122311775,
    "l1": 1.1242425441741943,
    "iou": 0.0012472715933894605,
    "dice": 0.002491435689816257,
    "n_samples": 1
  }
}