{
  "rmse": 0.11818505723305911,
  "l1": 0.1170857697725296,
  "iou": 0.00299072265625,
  "dice": 0.005963609809529605,
  "n_samples": 1
}