{
  "rmse": 0.053975852831712676,
  "l1": 0.0329351133163091,
  "iou": 0.0,
  "dice": 0.0,
  "n_samples": 1
}