{
  "rmse": 0.048488041500698305,
  "l1": 0.003581755860343037,
  "iou": 0.0,
  "dice": 0.0,
  "n_samples": 4000
}