{
  "0.5": {
    "rmse": 0.10640532066062613,
    "l1": 0.02960621565580368,
    "iou": 0.0005047106325706595,
    "dice": 0.0010089120564990752,
    "n_samples": 1
  },
  "5": {
    "rmse": 0.033045742853084134,
    "l1": 0.004529179073870182,
    "iou": 0.020918070889018012,
    "dice": 0.040978941377347755,
    "n_samples": 1
  },
  "50": {
    "rmse": 1.0708980768325924,
    "l1": 0.7822049856185913,
    "iou": 0.002324680356450988,
    "dice": 0.004638577502899111,
    "n_samples": 1
  },
  "500": {
    "rmse": 12.056146242951987,
    "l1": 8.812196731567383,
    "iou": 0.0025081998842369285,
    "dice": 0.0050038491147036184,
    "n_samples": 1
  }
}