{
  "0.5": {
    "rmse": 0.045335071795393984,
    "l1": 0.008657637983560562,
    "iou": 0.00676818950930626,
    "dice": 0.013445378151260505,
    "n_samples": 1
  },
  "5": {
    "rmse": 0.046093768588563434,
    "l1": 0.0093120988458395,
    "iou": 0.0063784549964564135,
    "dice": 0.01267605633802817,
    "n_samples": 1
  },
  "50": {
    "rmse": 0.04383979553796816,
    "l1": 0.005497783422470093,
    "iou": 0.00720164609053498,
    "dice": 0.014300306435137897,
    "n_samples": 1
  },
  "500": {
    "rmse": 4.708663568759162,
    "l1": 3.2589664459228516,
    "iou": 0.001756907842197732,
    "dice": 0.00350765306122449,
    "n_samples": 1
  }
}