{
  "rmse": 0.08272018809432133,
  "l1": 0.022819168865680695,
  "iou": 0.0,
  "dice": 0.0,
  "n_samples": 1
}