{
  "0.5": {
    "rmse": 0.05950432801639833,
    "l1": 0.011244220576132648,
    "iou": 0.015762169428465516,
    "dice": 0.031035157447012126,
    "n_samples": 4000
  },
  "5": {
    "rmse": 0.06310202542087699,
    "l1": 0.011697069437475876,
    "iou": 0.01411609471638409,
    "dice": 0.027839208528352786,
    "n_samples": 4000
  },
  "50": {
    "rmse": 0.03169743509573832,
    "l1": 0.004757720357214566,
    "iou": 0.03881391413471607,
    "dice": 0.07472736667576553,
    "n_samples": 4000
  },
  "500": {
    "rmse": 1.4731438586897638,
    "l1": 0.933911770120263,
    "iou": 0.008415059085423811,
    "dice": 0.016689673581542504,
    "n_samples": 4000
  }
}