{
  "rmse": 0.04064994309148583,
  "l1": 0.004540119596177311,
  "iou": 0.21951219512195122,
  "dice": 0.36,
  "n_samples": 1
}