{
  "rmse": 0.042841659697414554,
  "l1": 0.005180074833333492,
  "iou": 0.0,
  "dice": 0.0,
  "n_samples": 1
}