{
  "0.5": {
    "rmse": 0.08701797493356807,
    "l1": 0.018681161280721427,
    "iou": 0.03204069503839143,
    "dice": 0.06209192174771661,
    "n_samples": 4000
  },
  "5": {
    "rmse": 0.02689830629322795,
    "l1": 0.0039519448792561885,
    "iou": 0.5806971276560041,
    "dice": 0.7347354752483325,
    "n_samples": 4000
  },
  "50": {
    "rmse": 0.41501977231917525,
    "l1": 0.28289937003329396,
    "iou": 0.006499894529706744,
    "dice": 0.012915837478043372,
    "n_samples": 4000
  },
  "500": {
    "rmse": 4.826921157132164,
    "l1": 3.302890078186989,
    "iou": 0.006046511175035676,
    "dice": 0.012020341222541512,
    "n_samples": 4000
  }
}