{
  "rmse": 0.041405831190906205,
  "l1": 0.0036014544311910868,
  "iou": 0.05368098159509203,
  "dice": 0.10189228529839883,
  "n_samples": 1
}