{
  "0.5": {
    "rmse": 0.048682832665270535,
    "l1": 0.006030062630568864,
    "iou": 0.019227538063086986,
    "dice": 0.03772962826264779,
    "n_samples": 4000
  },
  "5": {
    "rmse": 0.048605219063931705,
    "l1": 0.006022962401126279,
    "iou": 0.020083399159340917,
    "dice": 0.03937599450376668,
    "n_samples": 4000
  },
  "50": {
    "rmse": 0.04815866540860684,
    "l1": 0.006042592500743921,
    "iou": 0.026379277111430295,
    "dice": 0.05140259102983895,
    "n_samples": 4000
  },
  "500": {
    "rmse": 0.049645480205715284,
    "l1": 0.008317033801111392,
    "iou": 0.01191084507484772,
    "dice": 0.023541293450544475,
    "n_samples": 4000
  }
}