{
  "rmse": 0.04268927884462257,
  "l1": 0.004789792001247406,
  "iou": 0.0,
  "dice": 0.0,
  "n_samples": 1
}