{
  "rmse": 0.041405831190906205,
  "l1": 0.0036014544311910868,
  "iou": 0.0,
  "dice": 0.0,
  "n_samples": 1
}