{
  "0.5": {
    "rmse": 0.04868283266498796,
    "l1": 0.0060300626293173995,
    "iou": 0.03220626112810939,
    "dice": 0.062402762589156974,
    "n_samples": 4000
  },
  "5": {
    "rmse": 0.048605219063449875,
    "l1": 0.006022962397953961,
    "iou": 0.03291154301071506,
    "dice": 0.06372577251830296,
    "n_samples": 4000
  },
  "50": {
    "rmse": 0.04815866541050954,
    "l1": 0.006042592499987222,
    "iou": 0.03738424538479981,
    "dice": 0.07207405655352471,
    "n_samples": 4000
  },
  "500": {
    "rmse": 0.049645480194182974,
    "l1": 0.008317033805593383,
    "iou": 0.022944518200623668,
    "dice": 0.04485975102732542,
    "n_samples": 4000
  }
}