{
  "0.5": {
    "rmse": 0.059504328023841896,
    "l1": 0.011244220579625108,
    "iou": 0.10204332311774135,
    "dice": 0.18518931330041574,
    "n_samples": 4000
  },
  "5": {
    "rmse": 0.06310202544042114,
    "l1": 0.011697069446439855,
    "iou": 0.07684984708602689,
    "dice": 0.1427308501625994,
    "n_samples": 4000
  },
  "50": {
    "rmse": 0.03169743511601352,
    "l1": 0.004757720357447397,
    "iou": 0.44268726342330733,
    "dice": 0.6136981654261903,
    "n_samples": 4000
  },
  "500": {
    "rmse": 1.4731438585683811,
    "l1": 0.9339117706567049,
    "iou": 0.00828692241754979,
    "dice": 0.01643762749135018,
    "n_samples": 4000
  }
}