{
  "0.5": {
    "rmse": 0.08701797491483844,
    "l1": 0.018681161290267482,
    "iou": 0.014749143999405672,
    "dice": 0.029069537208526706,
    "n_samples": 4000
  },
  "5": {
    "rmse": 0.0268983062955927,
    "l1": 0.003951944879983784,
    "iou": 0.19612743394586815,
    "dice": 0.32793735580308425,
    "n_samples": 4000
  },
  "50": {
    "rmse": 0.41501977267822227,
    "l1": 0.2828993699662387,
    "iou": 0.006671964244606825,
    "dice": 0.013255488344931466,
    "n_samples": 4000
  },
  "500": {
    "rmse": 4.826921152291599,
    "l1": 3.3028900766968725,
    "iou": 0.006624540502695229,
    "dice": 0.013161889535073364,
    "n_samples": 4000
  }
}