{
  "0.5": {
    "rmse": 0.04868283265770664,
    "l1": 0.006030062632227782,
    "iou": 0.03220626112810939,
    "dice": 0.062402762589156974,
    "n_samples": 4000
  },
  "5": {
    "rmse": 0.04860521907680314,
    "l1": 0.006022962400718825,
    "iou": 0.03291154301071506,
    "dice": 0.06372577251830296,
    "n_samples": 4000
  },
  "50": {
    "rmse": 0.04815866541143728,
    "l1": 0.006042592501675244,
    "iou": 0.03738424538479981,
    "dice": 0.07207405655352471,
    "n_samples": 4000
  },
  "500": {
    "rmse": 0.049645480185343684,
    "l1": 0.008317033804487436,
    "iou": 0.022944518200623668,
    "dice": 0.04485975102732542,
    "n_samples": 4000
  }
}