{
  "rmse": 0.0259706585383284,
  "l1": 0.0037850775694823822,
  "iou": 0.5999545921008419,
  "dice": 0.7499645240719781,
  "n_samples": 4000
}