{
  "0.5": {
    "rmse": 0.022252452313757293,
    "l1": 0.0037947898424463347,
    "iou": 0.6704030140649859,
    "dice": 0.8026841527704575,
    "n_samples": 4000
  },
  "5": {
    "rmse": 0.04910551439102794,
    "l1": 0.00871759409760125,
    "iou": 0.029736173186719044,
    "dice": 0.05775493560587401,
    "n_samples": 4000
  },
  "50": {
    "rmse": 0.16836751045022877,
    "l1": 0.08338346767798066,
    "iou": 0.006371151792020203,
    "dice": 0.01266163438941041,
    "n_samples": 4000
  },
  "500": {
    "rmse": 1.6263233311112404,
    "l1": 0.8807849458307028,
    "iou": 0.006142575662193855,
    "dice": 0.012210149556887824,
    "n_samples": 4000
  }
}