{
  "0.5": {
    "rmse": 0.04269168947890128,
    "l1": 0.0034396229311823845,
    "iou": 0.007874015748031496,
    "dice": 0.015625,
    "n_samples": 1
  },
  "5": {
    "rmse": 0.04269280748705604,
    "l1": 0.003442967776209116,
    "iou": 0.007874015748031496,
    "dice": 0.015625,
    "n_samples": 1
  },
  "50": {
    "rmse": 0.04270293230823894,
    "l1": 0.0036899372935295105,
    "iou": 0.00510204081632653,
    "dice": 0.01015228426395939,
    "n_samples": 1
  },
  "500": {
    "rmse": 0.0426975000751163,
    "l1": 0.0055829803459346294,
    "iou": 0.004541440645893781,
    "dice": 0.00904181841014693,
    "n_samples": 1
  }
}