{
  "0.5": {
    "rmse": 0.02225245229664995,
    "l1": 0.003794789842329919,
    "iou": 0.265595072048091,
    "dice": 0.41971571779002426,
    "n_samples": 4000
  },
  "5": {
    "rmse": 0.04910551439865869,
    "l1": 0.008717594102607109,
    "iou": 0.011850813120649306,
    "dice": 0.023424032410667758,
    "n_samples": 4000
  },
  "50": {
    "rmse": 0.16836751043640005,
    "l1": 0.08338346752338112,
    "iou": 0.006519452445923943,
    "dice": 0.012954448977774138,
    "n_samples": 4000
  },
  "500": {
    "rmse": 1.626323330763066,
    "l1": 0.8807849467843771,
    "iou": 0.006516814074027035,
    "dice": 0.012949240356252485,
    "n_samples": 4000
  }
}