{
  "rmse": 0.04498638828034909,
  "l1": 0.005168933887034655,
  "iou": 0.0,
  "dice": 0.0,
  "n_samples": 1
}