{
  "0.5": {
    "rmse": 0.02225245230945555,
    "l1": 0.003794789844803745,
    "iou": 0.6704030140649859,
    "dice": 0.8026841527704575,
    "n_samples": 4000
  },
  "5": {
    "rmse": 0.04910551437928548,
    "l1": 0.008717594108893535,
    "iou": 0.029736173186719044,
    "dice": 0.05775493560587401,
    "n_samples": 4000
  },
  "50": {
    "rmse": 0.16836751041427409,
    "l1": 0.08338346765190363,
    "iou": 0.0063713438755172444,
    "dice": 0.012662013707547194,
    "n_samples": 4000
  },
  "500": {
    "rmse": 1.6263233309463156,
    "l1": 0.8807849455177784,
    "iou": 0.006142577570350199,
    "dice": 0.012210153326744997,
    "n_samples": 4000
  }
}