{
  "rmse": 0.042024267070504114,
  "l1": 0.004680910468620512,
  "iou": 0.0,
  "dice": 0.0,
  "n_samples": 1
}