{
  "0.5": {
    "rmse": 0.08701797493206301,
    "l1": 0.01868116129003465,
    "iou": 0.03204069503839143,
    "dice": 0.06209192174771661,
    "n_samples": 4000
  },
  "5": {
    "rmse": 0.02689830629565821,
    "l1": 0.003951944881991949,
    "iou": 0.5806971276560041,
    "dice": 0.7347354752483325,
    "n_samples": 4000
  },
  "50": {
    "rmse": 0.4150197723954728,
    "l1": 0.28289937011152505,
    "iou": 0.0064998973458138725,
    "dice": 0.01291584303774774,
    "n_samples": 4000
  },
  "500": {
    "rmse": 4.826921153921585,
    "l1": 3.302890079200268,
    "iou": 0.006046510948600051,
    "dice": 0.01202034077509757,
    "n_samples": 4000
  }
}