{
  "rmse": 0.02739295492389619,
  "l1": 0.003907085722050397,
  "iou": 0.5593664155247474,
  "dice": 0.7174278090842596,
  "n_samples": 4000
}